level,vineyard_id,row_id,blocks,rows,segments,length_m,canopy_m2,canopy_ha,interrow_m2,interrow_ha,row_structure
total,,,47,691,1447,45663.94,13540.04,1.354,86946.05,8.6946,
block,V01,,,7,7,105.41,43.42,0.0043,12.44,0.0012,
block,V02,,,78,283,10003.35,2958.5,0.2958,18662.03,1.8662,
block,V03,,,3,3,33.53,11.91,0.0012,11.12,0.0011,
block,V04,,,53,135,4135.76,1313.38,0.1313,9433.37,0.9433,
block,V05,,,3,3,18.32,7.28,0.0007,13.94,0.0014,
block,V06,,,11,11,433.11,160.35,0.016,1130.61,0.1131,
block,V07,,,21,33,1094.6,365.18,0.0365,1478.72,0.1479,
block,V08,,,6,6,103.19,28.44,0.0028,88.29,0.0088,
block,V09,,,15,15,700.66,164.68,0.0165,933.17,0.0933,
block,V10,,,21,29,759.67,168.38,0.0168,544.25,0.0544,
block,V11,,,5,5,181.62,44.46,0.0044,200.23,0.02,
block,V12,,,4,4,75.5,22.0,0.0022,89.7,0.009,
block,V13,,,3,3,121.47,17.88,0.0018,197.59,0.0198,
block,V14,,,56,163,4784.81,1242.79,0.1243,10262.7,1.0263,
block,V15,,,58,191,5524.8,1496.18,0.1496,11689.13,1.1689,
block,V16,,,3,3,39.81,26.23,0.0026,30.89,0.0031,
block,V17,,,55,131,4628.89,1534.2,0.1534,9586.54,0.9587,
block,V18,,,11,27,1013.71,299.75,0.03,2183.08,0.2183,
block,V19,,,4,5,263.19,47.47,0.0047,352.67,0.0353,
block,V20,,,3,3,25.75,4.72,0.0005,0.0,0.0,
block,V21,,,11,11,337.99,48.39,0.0048,502.0,0.0502,
block,V22,,,3,3,42.61,3.37,0.0003,55.46,0.0055,
block,V23,,,12,20,573.81,268.55,0.0269,1357.97,0.1358,
block,V24,,,8,14,617.24,311.0,0.0311,1136.46,0.1136,
block,V25,,,11,12,344.44,120.51,0.0121,601.76,0.0602,
block,V26,,,5,9,333.82,110.33,0.011,544.4,0.0544,
block,V27,,,3,3,116.06,27.52,0.0028,132.22,0.0132,
block,V28,,,11,11,386.1,113.53,0.0114,611.09,0.0611,
block,V29,,,8,8,215.13,37.15,0.0037,336.75,0.0337,
block,V30,,,7,7,283.8,96.54,0.0097,480.19,0.048,
block,V31,,,4,4,157.23,52.02,0.0052,237.57,0.0238,
block,V32,,,9,18,587.06,263.94,0.0264,1167.41,0.1167,
block,V33,,,17,17,397.51,90.64,0.0091,563.56,0.0564,
block,V34,,,6,12,403.34,157.23,0.0157,751.93,0.0752,
block,V35,,,10,16,349.53,85.03,0.0085,200.03,0.02,
block,V36,,,20,23,796.62,198.1,0.0198,1347.79,0.1348,
block,V37,,,4,4,61.62,24.21,0.0024,24.49,0.0024,
block,V38,,,9,9,305.01,79.54,0.008,453.69,0.0454,
block,V39,,,3,3,58.01,5.71,0.0006,34.85,0.0035,
block,V40,,,3,3,14.22,4.22,0.0004,23.13,0.0023,
block,V41,,,30,38,1266.4,397.98,0.0398,2298.32,0.2298,
block,V42,,,14,31,1175.64,200.3,0.02,2210.35,0.221,
block,V43,,,8,8,162.61,76.09,0.0076,238.34,0.0238,
block,V44,,,6,9,222.52,85.64,0.0086,340.56,0.0341,
block,V45,,,16,22,553.99,177.97,0.0178,668.52,0.0669,
block,V46,,,27,66,1805.45,543.16,0.0543,3639.07,0.3639,
block,V47,,,6,6,49.04,4.17,0.0004,87.68,0.0088,
row,V01,V01-R01,,,1,38.25,,,,,regular
row,V01,V01-R02,,,1,6.35,,,,,regular
row,V01,V01-R03,,,1,7.7,,,,,disrupted
row,V01,V01-R04,,,1,21.15,,,,,regular
row,V01,V01-R05,,,1,12.65,,,,,regular
row,V01,V01-R06,,,1,15.05,,,,,disrupted
row,V01,V01-R07,,,1,4.25,,,,,regular
row,V02,V02-R01,,,1,5.95,,,,,regular
row,V02,V02-R02,,,1,13.9,,,,,regular
row,V02,V02-R03,,,1,16.8,,,,,regular
row,V02,V02-R04,,,1,19.4,,,,,regular
row,V02,V02-R05,,,1,25.5,,,,,regular
row,V02,V02-R06,,,1,31.22,,,,,regular
row,V02,V02-R07,,,1,36.53,,,,,disrupted
row,V02,V02-R08,,,2,38.23,,,,,regular
row,V02,V02-R09,,,2,43.02,,,,,regular
row,V02,V02-R10,,,2,49.05,,,,,regular
row,V02,V02-R11,,,2,56.28,,,,,regular
row,V02,V02-R12,,,2,61.5,,,,,regular
row,V02,V02-R13,,,1,47.3,,,,,disrupted
row,V02,V02-R14,,,2,66.6,,,,,disrupted
row,V02,V02-R15,,,1,49.5,,,,,regular
row,V02,V02-R16,,,2,69.54,,,,,disrupted
row,V02,V02-R17,,,1,51.24,,,,,regular
row,V02,V02-R18,,,3,124.84,,,,,disrupted|regular
row,V02,V02-R19,,,4,136.06,,,,,disrupted|regular
row,V02,V02-R20,,,4,141.71,,,,,regular
row,V02,V02-R21,,,4,147.62,,,,,regular
row,V02,V02-R22,,,4,153.17,,,,,regular
row,V02,V02-R23,,,4,164.24,,,,,regular
row,V02,V02-R24,,,4,167.72,,,,,disrupted|regular
row,V02,V02-R25,,,4,180.49,,,,,regular
row,V02,V02-R26,,,5,182.83,,,,,regular
row,V02,V02-R27,,,1,55.47,,,,,regular
row,V02,V02-R28,,,1,45.55,,,,,regular
row,V02,V02-R29,,,5,171.3,,,,,regular
row,V02,V02-R30,,,2,55.57,,,,,regular
row,V02,V02-R31,,,2,55.58,,,,,regular
row,V02,V02-R32,,,5,166.58,,,,,disrupted|regular
row,V02,V02-R33,,,5,166.28,,,,,disrupted|regular
row,V02,V02-R34,,,5,165.91,,,,,disrupted|regular
row,V02,V02-R35,,,5,171.68,,,,,regular
row,V02,V02-R36,,,5,177.68,,,,,regular
row,V02,V02-R37,,,5,185.12,,,,,regular
row,V02,V02-R38,,,5,191.45,,,,,regular
row,V02,V02-R39,,,5,191.92,,,,,regular
row,V02,V02-R40,,,5,190.81,,,,,regular
row,V02,V02-R41,,,5,189.36,,,,,regular
row,V02,V02-R42,,,5,188.78,,,,,disrupted|regular
row,V02,V02-R43,,,5,188.0,,,,,disrupted|regular
row,V02,V02-R44,,,5,186.86,,,,,disrupted|regular
row,V02,V02-R45,,,5,185.01,,,,,disrupted|regular
row,V02,V02-R46,,,5,183.67,,,,,regular
row,V02,V02-R47,,,5,183.83,,,,,disrupted|regular
row,V02,V02-R48,,,5,179.44,,,,,disrupted|regular
row,V02,V02-R49,,,5,183.4,,,,,regular
row,V02,V02-R50,,,5,182.03,,,,,regular
row,V02,V02-R51,,,5,182.32,,,,,disrupted|regular
row,V02,V02-R52,,,5,182.26,,,,,disrupted|regular
row,V02,V02-R53,,,5,182.0,,,,,disrupted|regular
row,V02,V02-R54,,,6,178.66,,,,,disrupted|regular
row,V02,V02-R55,,,5,162.72,,,,,disrupted|regular
row,V02,V02-R56,,,5,176.2,,,,,disrupted|regular
row,V02,V02-R57,,,6,182.88,,,,,regular
row,V02,V02-R58,,,6,183.24,,,,,regular
row,V02,V02-R59,,,6,181.34,,,,,disrupted|regular
row,V02,V02-R60,,,6,180.77,,,,,disrupted|regular
row,V02,V02-R61,,,5,178.64,,,,,regular
row,V02,V02-R62,,,4,136.42,,,,,disrupted|regular
row,V02,V02-R63,,,5,178.24,,,,,disrupted|regular
row,V02,V02-R64,,,4,175.54,,,,,regular
row,V02,V02-R65,,,1,1.8,,,,,regular
row,V02,V02-R66,,,5,174.77,,,,,regular
row,V02,V02-R67,,,5,174.84,,,,,disrupted|regular
row,V02,V02-R68,,,5,175.16,,,,,regular
row,V02,V02-R69,,,5,167.45,,,,,regular
row,V02,V02-R70,,,4,164.79,,,,,regular
row,V02,V02-R71,,,4,154.23,,,,,disrupted|regular
row,V02,V02-R72,,,3,153.89,,,,,disrupted|regular
row,V02,V02-R73,,,3,103.27,,,,,regular
row,V02,V02-R74,,,1,52.12,,,,,regular
row,V02,V02-R75,,,1,8.87,,,,,regular
row,V02,V02-R76,,,3,143.78,,,,,regular
row,V02,V02-R77,,,1,11.45,,,,,regular
row,V02,V02-R78,,,3,134.14,,,,,regular
row,V03,V03-R01,,,1,6.69,,,,,regular
row,V03,V03-R02,,,1,2.38,,,,,regular
row,V03,V03-R03,,,1,24.45,,,,,regular
row,V04,V04-R01,,,1,42.7,,,,,disrupted
row,V04,V04-R02,,,1,19.36,,,,,disrupted
row,V04,V04-R03,,,1,36.13,,,,,disrupted
row,V04,V04-R04,,,1,32.48,,,,,disrupted
row,V04,V04-R05,,,2,57.78,,,,,disrupted|regular
row,V04,V04-R06,,,1,39.03,,,,,disrupted
row,V04,V04-R07,,,1,40.94,,,,,regular
row,V04,V04-R08,,,1,36.48,,,,,regular
row,V04,V04-R09,,,1,47.37,,,,,regular
row,V04,V04-R10,,,2,88.01,,,,,regular
row,V04,V04-R11,,,1,7.75,,,,,regular
row,V04,V04-R12,,,2,86.05,,,,,regular
row,V04,V04-R13,,,3,75.59,,,,,regular
row,V04,V04-R14,,,3,101.63,,,,,disrupted|regular
row,V04,V04-R15,,,3,99.1,,,,,disrupted|regular
row,V04,V04-R16,,,1,5.63,,,,,regular
row,V04,V04-R17,,,2,86.01,,,,,regular
row,V04,V04-R18,,,1,7.28,,,,,regular
row,V04,V04-R19,,,4,115.87,,,,,disrupted|regular
row,V04,V04-R20,,,4,112.27,,,,,disrupted|regular
row,V04,V04-R21,,,3,91.12,,,,,disrupted|regular
row,V04,V04-R22,,,4,107.32,,,,,disrupted|regular
row,V04,V04-R23,,,4,108.8,,,,,disrupted|regular
row,V04,V04-R24,,,4,108.77,,,,,disrupted|regular
row,V04,V04-R25,,,4,106.94,,,,,disrupted|regular
row,V04,V04-R26,,,4,107.88,,,,,disrupted|regular
row,V04,V04-R27,,,4,108.28,,,,,disrupted|regular
row,V04,V04-R28,,,4,108.16,,,,,disrupted|regular
row,V04,V04-R29,,,2,101.03,,,,,disrupted|regular
row,V04,V04-R30,,,3,106.03,,,,,disrupted|regular
row,V04,V04-R31,,,3,107.92,,,,,disrupted|regular
row,V04,V04-R32,,,3,105.97,,,,,disrupted|regular
row,V04,V04-R33,,,3,105.57,,,,,disrupted|regular
row,V04,V04-R34,,,3,104.89,,,,,disrupted|regular
row,V04,V04-R35,,,3,111.52,,,,,regular
row,V04,V04-R36,,,4,109.36,,,,,regular
row,V04,V04-R37,,,3,102.97,,,,,regular
row,V04,V04-R38,,,1,3.16,,,,,regular
row,V04,V04-R39,,,3,105.68,,,,,regular
row,V04,V04-R40,,,3,103.49,,,,,regular
row,V04,V04-R41,,,3,101.22,,,,,regular
row,V04,V04-R42,,,3,99.41,,,,,regular
row,V04,V04-R43,,,3,97.36,,,,,regular
row,V04,V04-R44,,,3,95.29,,,,,regular
row,V04,V04-R45,,,2,61.35,,,,,regular
row,V04,V04-R46,,,3,90.66,,,,,regular
row,V04,V04-R47,,,3,88.97,,,,,disrupted|regular
row,V04,V04-R48,,,3,87.34,,,,,regular
row,V04,V04-R49,,,3,87.04,,,,,regular
row,V04,V04-R50,,,3,84.07,,,,,regular
row,V04,V04-R51,,,2,54.03,,,,,disrupted
row,V04,V04-R52,,,2,34.62,,,,,regular
row,V04,V04-R53,,,1,2.08,,,,,regular
row,V05,V05-R01,,,1,7.55,,,,,regular
row,V05,V05-R02,,,1,3.55,,,,,disrupted
row,V05,V05-R03,,,1,7.22,,,,,disrupted
row,V06,V06-R01,,,1,53.59,,,,,disrupted
row,V06,V06-R02,,,1,53.6,,,,,regular
row,V06,V06-R03,,,1,53.6,,,,,regular
row,V06,V06-R04,,,1,53.58,,,,,regular
row,V06,V06-R05,,,1,53.52,,,,,regular
row,V06,V06-R06,,,1,53.55,,,,,disrupted
row,V06,V06-R07,,,1,53.57,,,,,disrupted
row,V06,V06-R08,,,1,49.3,,,,,disrupted
row,V06,V06-R09,,,1,1.3,,,,,regular
row,V06,V06-R10,,,1,2.88,,,,,regular
row,V06,V06-R11,,,1,4.62,,,,,regular
row,V07,V07-R01,,,1,1.57,,,,,regular
row,V07,V07-R02,,,1,28.0,,,,,regular
row,V07,V07-R03,,,1,7.73,,,,,regular
row,V07,V07-R04,,,1,26.89,,,,,regular
row,V07,V07-R05,,,1,25.44,,,,,disrupted
row,V07,V07-R06,,,1,21.39,,,,,regular
row,V07,V07-R07,,,1,24.42,,,,,regular
row,V07,V07-R08,,,1,35.29,,,,,regular
row,V07,V07-R09,,,2,62.12,,,,,regular
row,V07,V07-R10,,,2,68.8,,,,,regular
row,V07,V07-R11,,,2,75.25,,,,,disrupted|regular
row,V07,V07-R12,,,2,81.47,,,,,disrupted|regular
row,V07,V07-R13,,,1,25.4,,,,,disrupted
row,V07,V07-R14,,,2,84.77,,,,,regular
row,V07,V07-R15,,,2,84.93,,,,,regular
row,V07,V07-R16,,,2,85.19,,,,,regular
row,V07,V07-R17,,,2,81.69,,,,,regular
row,V07,V07-R18,,,2,76.8,,,,,regular
row,V07,V07-R19,,,2,71.19,,,,,regular
row,V07,V07-R20,,,2,66.14,,,,,disrupted|regular
row,V07,V07-R21,,,2,60.11,,,,,regular
row,V08,V08-R01,,,1,29.46,,,,,regular
row,V08,V08-R02,,,1,7.17,,,,,regular
row,V08,V08-R03,,,1,22.66,,,,,disrupted
row,V08,V08-R04,,,1,9.81,,,,,regular
row,V08,V08-R05,,,1,13.01,,,,,regular
row,V08,V08-R06,,,1,21.08,,,,,disrupted
row,V09,V09-R01,,,1,8.54,,,,,regular
row,V09,V09-R02,,,1,28.82,,,,,disrupted
row,V09,V09-R03,,,1,34.18,,,,,regular
row,V09,V09-R04,,,1,48.91,,,,,regular
row,V09,V09-R05,,,1,52.75,,,,,regular
row,V09,V09-R06,,,1,52.77,,,,,regular
row,V09,V09-R07,,,1,52.72,,,,,disrupted
row,V09,V09-R08,,,1,52.75,,,,,disrupted
row,V09,V09-R09,,,1,52.75,,,,,regular
row,V09,V09-R10,,,1,52.73,,,,,regular
row,V09,V09-R11,,,1,52.72,,,,,disrupted
row,V09,V09-R12,,,1,52.75,,,,,disrupted
row,V09,V09-R13,,,1,52.75,,,,,disrupted
row,V09,V09-R14,,,1,52.75,,,,,disrupted
row,V09,V09-R15,,,1,52.77,,,,,disrupted
row,V10,V10-R01,,,1,57.47,,,,,regular
row,V10,V10-R02,,,1,1.18,,,,,regular
row,V10,V10-R03,,,2,96.64,,,,,disrupted|regular
row,V10,V10-R04,,,2,91.32,,,,,disrupted|regular
row,V10,V10-R05,,,1,3.07,,,,,regular
row,V10,V10-R06,,,1,1.4,,,,,regular
row,V10,V10-R07,,,1,27.78,,,,,regular
row,V10,V10-R08,,,1,1.55,,,,,regular
row,V10,V10-R09,,,1,1.63,,,,,regular
row,V10,V10-R10,,,3,88.08,,,,,disrupted|regular
row,V10,V10-R11,,,3,90.55,,,,,regular
row,V10,V10-R12,,,1,2.9,,,,,regular
row,V10,V10-R13,,,1,10.05,,,,,regular
row,V10,V10-R14,,,1,2.57,,,,,regular
row,V10,V10-R15,,,1,2.55,,,,,regular
row,V10,V10-R16,,,2,37.54,,,,,regular
row,V10,V10-R17,,,1,44.78,,,,,regular
row,V10,V10-R18,,,2,58.42,,,,,disrupted|regular
row,V10,V10-R19,,,1,46.19,,,,,disrupted
row,V10,V10-R20,,,1,46.68,,,,,disrupted
row,V10,V10-R21,,,1,47.34,,,,,disrupted
row,V11,V11-R01,,,1,52.75,,,,,disrupted
row,V11,V11-R02,,,1,49.47,,,,,regular
row,V11,V11-R03,,,1,39.8,,,,,disrupted
row,V11,V11-R04,,,1,24.7,,,,,disrupted
row,V11,V11-R05,,,1,14.9,,,,,regular
row,V12,V12-R01,,,1,33.47,,,,,disrupted
row,V12,V12-R02,,,1,26.5,,,,,regular
row,V12,V12-R03,,,1,11.93,,,,,regular
row,V12,V12-R04,,,1,3.6,,,,,regular
row,V13,V13-R01,,,1,51.6,,,,,disrupted
row,V13,V13-R02,,,1,33.37,,,,,disrupted
row,V13,V13-R03,,,1,36.49,,,,,disrupted
row,V14,V14-R01,,,3,79.38,,,,,regular
row,V14,V14-R02,,,3,97.8,,,,,disrupted|regular
row,V14,V14-R03,,,3,98.44,,,,,disrupted|regular
row,V14,V14-R04,,,3,98.92,,,,,disrupted|regular
row,V14,V14-R05,,,3,97.26,,,,,disrupted|regular
row,V14,V14-R06,,,3,96.4,,,,,disrupted|regular
row,V14,V14-R07,,,3,98.46,,,,,disrupted|regular
row,V14,V14-R08,,,3,98.49,,,,,disrupted|regular
row,V14,V14-R09,,,3,98.0,,,,,disrupted|regular
row,V14,V14-R10,,,3,97.94,,,,,disrupted|regular
row,V14,V14-R11,,,3,97.94,,,,,disrupted|regular
row,V14,V14-R12,,,3,98.04,,,,,disrupted|regular
row,V14,V14-R13,,,3,97.7,,,,,disrupted|regular
row,V14,V14-R14,,,3,99.63,,,,,regular
row,V14,V14-R15,,,3,99.1,,,,,regular
row,V14,V14-R16,,,3,93.51,,,,,regular
row,V14,V14-R17,,,4,99.63,,,,,disrupted|regular
row,V14,V14-R18,,,3,100.1,,,,,disrupted|regular
row,V14,V14-R19,,,3,97.94,,,,,disrupted|regular
row,V14,V14-R20,,,3,96.89,,,,,disrupted|regular
row,V14,V14-R21,,,3,97.73,,,,,disrupted|regular
row,V14,V14-R22,,,4,98.29,,,,,disrupted|regular
row,V14,V14-R23,,,4,98.72,,,,,disrupted|regular
row,V14,V14-R24,,,4,99.79,,,,,disrupted|regular
row,V14,V14-R25,,,4,98.54,,,,,disrupted|regular
row,V14,V14-R26,,,4,99.17,,,,,disrupted|regular
row,V14,V14-R27,,,4,97.75,,,,,disrupted|regular
row,V14,V14-R28,,,4,99.75,,,,,disrupted|regular
row,V14,V14-R29,,,4,98.53,,,,,disrupted|regular
row,V14,V14-R30,,,4,98.46,,,,,disrupted|regular
row,V14,V14-R31,,,4,98.25,,,,,disrupted|regular
row,V14,V14-R32,,,2,82.88,,,,,disrupted|regular
row,V14,V14-R33,,,2,16.64,,,,,disrupted|regular
row,V14,V14-R34,,,4,97.8,,,,,disrupted|regular
row,V14,V14-R35,,,2,75.56,,,,,disrupted|regular
row,V14,V14-R36,,,2,18.02,,,,,disrupted|regular
row,V14,V14-R37,,,4,88.95,,,,,disrupted|regular
row,V14,V14-R38,,,2,63.84,,,,,regular
row,V14,V14-R39,,,1,22.09,,,,,regular
row,V14,V14-R40,,,1,56.52,,,,,disrupted
row,V14,V14-R41,,,2,29.0,,,,,disrupted|regular
row,V14,V14-R42,,,2,64.78,,,,,regular
row,V14,V14-R43,,,1,22.9,,,,,disrupted
row,V14,V14-R44,,,3,88.65,,,,,disrupted|regular
row,V14,V14-R45,,,3,89.51,,,,,disrupted|regular
row,V14,V14-R46,,,3,90.5,,,,,disrupted|regular
row,V14,V14-R47,,,3,91.83,,,,,regular
row,V14,V14-R48,,,3,92.79,,,,,disrupted|regular
row,V14,V14-R49,,,3,93.82,,,,,disrupted|regular
row,V14,V14-R50,,,3,95.42,,,,,disrupted|regular
row,V14,V14-R51,,,3,96.37,,,,,disrupted|regular
row,V14,V14-R52,,,2,93.76,,,,,disrupted|regular
row,V14,V14-R53,,,2,81.3,,,,,disrupted|regular
row,V14,V14-R54,,,2,73.43,,,,,disrupted
row,V14,V14-R55,,,2,63.08,,,,,disrupted
row,V14,V14-R56,,,2,68.84,,,,,disrupted
row,V15,V15-R01,,,1,41.15,,,,,disrupted
row,V15,V15-R02,,,2,71.66,,,,,disrupted|regular
row,V15,V15-R03,,,3,87.57,,,,,disrupted|regular
row,V15,V15-R04,,,3,97.04,,,,,disrupted|regular
row,V15,V15-R05,,,4,102.46,,,,,regular
row,V15,V15-R06,,,4,106.5,,,,,disrupted|regular
row,V15,V15-R07,,,4,110.8,,,,,disrupted|regular
row,V15,V15-R08,,,4,112.91,,,,,disrupted|regular
row,V15,V15-R09,,,4,111.85,,,,,regular
row,V15,V15-R10,,,4,111.26,,,,,disrupted|regular
row,V15,V15-R11,,,4,112.54,,,,,disrupted|regular
row,V15,V15-R12,,,4,112.07,,,,,disrupted|regular
row,V15,V15-R13,,,4,111.82,,,,,disrupted|regular
row,V15,V15-R14,,,4,106.64,,,,,disrupted|regular
row,V15,V15-R15,,,3,106.35,,,,,disrupted|regular
row,V15,V15-R16,,,3,107.88,,,,,disrupted|regular
row,V15,V15-R17,,,3,108.23,,,,,disrupted|regular
row,V15,V15-R18,,,3,105.63,,,,,disrupted|regular
row,V15,V15-R19,,,2,45.55,,,,,disrupted|regular
row,V15,V15-R20,,,1,20.8,,,,,regular
row,V15,V15-R21,,,2,84.0,,,,,regular
row,V15,V15-R22,,,4,104.97,,,,,disrupted|regular
row,V15,V15-R23,,,4,106.14,,,,,disrupted|regular
row,V15,V15-R24,,,4,107.03,,,,,disrupted|regular
row,V15,V15-R25,,,4,106.49,,,,,disrupted|regular
row,V15,V15-R26,,,3,109.85,,,,,disrupted|regular
row,V15,V15-R27,,,3,105.8,,,,,disrupted|regular
row,V15,V15-R28,,,3,105.52,,,,,disrupted|regular
row,V15,V15-R29,,,3,105.65,,,,,disrupted|regular
row,V15,V15-R30,,,3,105.97,,,,,disrupted|regular
row,V15,V15-R31,,,3,106.22,,,,,regular
row,V15,V15-R32,,,3,111.1,,,,,disrupted|regular
row,V15,V15-R33,,,3,109.37,,,,,disrupted|regular
row,V15,V15-R34,,,3,108.34,,,,,disrupted|regular
row,V15,V15-R35,,,3,107.28,,,,,disrupted|regular
row,V15,V15-R36,,,3,106.25,,,,,disrupted|regular
row,V15,V15-R37,,,3,105.46,,,,,disrupted|regular
row,V15,V15-R38,,,4,105.4,,,,,regular
row,V15,V15-R39,,,3,101.36,,,,,regular
row,V15,V15-R40,,,1,3.0,,,,,disrupted
row,V15,V15-R41,,,1,3.2,,,,,disrupted
row,V15,V15-R42,,,1,55.83,,,,,regular
row,V15,V15-R43,,,4,49.0,,,,,disrupted|regular
row,V15,V15-R44,,,5,105.46,,,,,disrupted|regular
row,V15,V15-R45,,,5,106.26,,,,,disrupted|regular
row,V15,V15-R46,,,4,106.78,,,,,disrupted|regular
row,V15,V15-R47,,,4,105.02,,,,,disrupted|regular
row,V15,V15-R48,,,3,104.26,,,,,disrupted|regular
row,V15,V15-R49,,,4,106.04,,,,,disrupted|regular
row,V15,V15-R50,,,4,106.1,,,,,disrupted|regular
row,V15,V15-R51,,,4,105.23,,,,,disrupted|regular
row,V15,V15-R52,,,4,106.19,,,,,disrupted|regular
row,V15,V15-R53,,,4,105.65,,,,,disrupted|regular
row,V15,V15-R54,,,4,106.41,,,,,disrupted|regular
row,V15,V15-R55,,,4,105.8,,,,,disrupted|regular
row,V15,V15-R56,,,4,107.08,,,,,disrupted|regular
row,V15,V15-R57,,,4,116.44,,,,,disrupted|regular
row,V15,V15-R58,,,2,28.2,,,,,regular
row,V16,V16-R01,,,1,13.44,,,,,regular
row,V16,V16-R02,,,1,16.95,,,,,regular
row,V16,V16-R03,,,1,9.42,,,,,regular
row,V17,V17-R01,,,1,64.25,,,,,disrupted
row,V17,V17-R02,,,1,58.1,,,,,disrupted
row,V17,V17-R03,,,1,64.02,,,,,disrupted
row,V17,V17-R04,,,1,64.15,,,,,disrupted
row,V17,V17-R05,,,3,128.85,,,,,disrupted
row,V17,V17-R06,,,3,126.91,,,,,disrupted|regular
row,V17,V17-R07,,,3,119.62,,,,,regular
row,V17,V17-R08,,,1,10.47,,,,,regular
row,V17,V17-R09,,,3,113.58,,,,,regular
row,V17,V17-R10,,,3,107.67,,,,,regular
row,V17,V17-R11,,,3,101.32,,,,,regular
row,V17,V17-R12,,,3,95.17,,,,,regular
row,V17,V17-R13,,,4,128.41,,,,,regular
row,V17,V17-R14,,,3,128.24,,,,,regular
row,V17,V17-R15,,,3,128.18,,,,,regular
row,V17,V17-R16,,,3,128.21,,,,,regular
row,V17,V17-R17,,,2,127.92,,,,,disrupted|regular
row,V17,V17-R18,,,1,14.89,,,,,regular
row,V17,V17-R19,,,3,172.02,,,,,regular
row,V17,V17-R20,,,1,52.44,,,,,disrupted
row,V17,V17-R21,,,3,133.89,,,,,disrupted|regular
row,V17,V17-R22,,,3,132.57,,,,,disrupted|regular
row,V17,V17-R23,,,4,137.81,,,,,disrupted|regular
row,V17,V17-R24,,,1,35.4,,,,,regular
row,V17,V17-R25,,,4,136.26,,,,,disrupted|regular
row,V17,V17-R26,,,5,134.65,,,,,disrupted|regular
row,V17,V17-R27,,,5,114.6,,,,,disrupted|regular
row,V17,V17-R28,,,4,99.43,,,,,regular
row,V17,V17-R29,,,4,103.79,,,,,regular
row,V17,V17-R30,,,4,102.02,,,,,regular
row,V17,V17-R31,,,3,101.19,,,,,disrupted|regular
row,V17,V17-R32,,,3,102.24,,,,,disrupted|regular
row,V17,V17-R33,,,3,103.41,,,,,disrupted|regular
row,V17,V17-R34,,,3,101.53,,,,,disrupted|regular
row,V17,V17-R35,,,3,101.56,,,,,disrupted|regular
row,V17,V17-R36,,,3,101.91,,,,,disrupted|regular
row,V17,V17-R37,,,3,102.49,,,,,disrupted|regular
row,V17,V17-R38,,,1,61.51,,,,,disrupted
row,V17,V17-R39,,,1,56.1,,,,,disrupted
row,V17,V17-R40,,,1,46.02,,,,,disrupted
row,V17,V17-R41,,,1,54.91,,,,,disrupted
row,V17,V17-R42,,,1,53.92,,,,,disrupted
row,V17,V17-R43,,,1,46.78,,,,,regular
row,V17,V17-R44,,,2,45.04,,,,,disrupted|regular
row,V17,V17-R45,,,2,50.31,,,,,disrupted|regular
row,V17,V17-R46,,,2,49.01,,,,,regular
row,V17,V17-R47,,,2,47.86,,,,,regular
row,V17,V17-R48,,,2,47.19,,,,,disrupted|regular
row,V17,V17-R49,,,2,45.33,,,,,regular
row,V17,V17-R50,,,2,44.38,,,,,disrupted|regular
row,V17,V17-R51,,,2,43.2,,,,,regular
row,V17,V17-R52,,,2,39.13,,,,,disrupted|regular
row,V17,V17-R53,,,1,41.08,,,,,regular
row,V17,V17-R54,,,1,39.53,,,,,disrupted
row,V17,V17-R55,,,1,38.37,,,,,regular
row,V18,V18-R01,,,1,64.67,,,,,regular
row,V18,V18-R02,,,1,3.1,,,,,regular
row,V18,V18-R03,,,1,18.48,,,,,regular
row,V18,V18-R04,,,1,25.27,,,,,regular
row,V18,V18-R05,,,1,56.86,,,,,regular
row,V18,V18-R06,,,3,96.68,,,,,disrupted|regular
row,V18,V18-R07,,,4,139.96,,,,,disrupted|regular
row,V18,V18-R08,,,4,150.68,,,,,disrupted|regular
row,V18,V18-R09,,,4,160.65,,,,,regular
row,V18,V18-R10,,,4,169.77,,,,,regular
row,V18,V18-R11,,,3,127.59,,,,,regular
row,V19,V19-R01,,,2,112.95,,,,,regular
row,V19,V19-R02,,,1,45.4,,,,,disrupted
row,V19,V19-R03,,,1,65.21,,,,,disrupted
row,V19,V19-R04,,,1,39.63,,,,,disrupted
row,V20,V20-R01,,,1,2.1,,,,,disrupted
row,V20,V20-R02,,,1,7.75,,,,,regular
row,V20,V20-R03,,,1,15.9,,,,,regular
row,V21,V21-R01,,,1,47.51,,,,,disrupted
row,V21,V21-R02,,,1,48.43,,,,,disrupted
row,V21,V21-R03,,,1,44.2,,,,,disrupted
row,V21,V21-R04,,,1,37.9,,,,,disrupted
row,V21,V21-R05,,,1,36.35,,,,,regular
row,V21,V21-R06,,,1,28.77,,,,,regular
row,V21,V21-R07,,,1,16.94,,,,,regular
row,V21,V21-R08,,,1,10.19,,,,,disrupted
row,V21,V21-R09,,,1,2.09,,,,,regular
row,V21,V21-R10,,,1,8.25,,,,,disrupted
row,V21,V21-R11,,,1,57.36,,,,,regular
row,V22,V22-R01,,,1,12.1,,,,,disrupted
row,V22,V22-R02,,,1,21.0,,,,,disrupted
row,V22,V22-R03,,,1,9.5,,,,,disrupted
row,V23,V23-R01,,,1,51.6,,,,,regular
row,V23,V23-R02,,,2,53.39,,,,,regular
row,V23,V23-R03,,,2,55.9,,,,,regular
row,V23,V23-R04,,,2,62.42,,,,,regular
row,V23,V23-R05,,,2,62.45,,,,,regular
row,V23,V23-R06,,,2,58.7,,,,,regular
row,V23,V23-R07,,,2,57.34,,,,,regular
row,V23,V23-R08,,,1,16.64,,,,,regular
row,V23,V23-R09,,,2,52.48,,,,,regular
row,V23,V23-R10,,,2,47.99,,,,,regular
row,V23,V23-R11,,,1,5.53,,,,,regular
row,V23,V23-R12,,,1,49.36,,,,,regular
row,V24,V24-R01,,,1,41.04,,,,,regular
row,V24,V24-R02,,,2,80.49,,,,,regular
row,V24,V24-R03,,,2,91.58,,,,,regular
row,V24,V24-R04,,,2,97.89,,,,,regular
row,V24,V24-R05,,,2,95.75,,,,,regular
row,V24,V24-R06,,,2,94.13,,,,,regular
row,V24,V24-R07,,,2,94.67,,,,,regular
row,V24,V24-R08,,,1,21.7,,,,,regular
row,V25,V25-R01,,,1,35.23,,,,,regular
row,V25,V25-R02,,,1,37.99,,,,,regular
row,V25,V25-R03,,,1,40.21,,,,,regular
row,V25,V25-R04,,,1,1.15,,,,,regular
row,V25,V25-R05,,,1,39.32,,,,,regular
row,V25,V25-R06,,,1,36.27,,,,,regular
row,V25,V25-R07,,,1,34.3,,,,,regular
row,V25,V25-R08,,,2,43.55,,,,,regular
row,V25,V25-R09,,,1,27.35,,,,,regular
row,V25,V25-R10,,,1,25.1,,,,,regular
row,V25,V25-R11,,,1,23.95,,,,,regular
row,V26,V26-R01,,,2,88.27,,,,,regular
row,V26,V26-R02,,,2,85.52,,,,,regular
row,V26,V26-R03,,,2,79.25,,,,,regular
row,V26,V26-R04,,,2,73.84,,,,,disrupted|regular
row,V26,V26-R05,,,1,6.95,,,,,regular
row,V27,V27-R01,,,1,39.99,,,,,regular
row,V27,V27-R02,,,1,39.07,,,,,regular
row,V27,V27-R03,,,1,37.0,,,,,regular
row,V28,V28-R01,,,1,41.21,,,,,regular
row,V28,V28-R02,,,1,43.23,,,,,regular
row,V28,V28-R03,,,1,45.44,,,,,regular
row,V28,V28-R04,,,1,47.54,,,,,regular
row,V28,V28-R05,,,1,44.82,,,,,disrupted
row,V28,V28-R06,,,1,51.76,,,,,disrupted
row,V28,V28-R07,,,1,50.66,,,,,regular
row,V28,V28-R08,,,1,7.92,,,,,regular
row,V28,V28-R09,,,1,13.55,,,,,regular
row,V28,V28-R10,,,1,17.96,,,,,disrupted
row,V28,V28-R11,,,1,22.02,,,,,disrupted
row,V29,V29-R01,,,1,45.37,,,,,disrupted
row,V29,V29-R02,,,1,40.81,,,,,disrupted
row,V29,V29-R03,,,1,34.63,,,,,disrupted
row,V29,V29-R04,,,1,29.47,,,,,disrupted
row,V29,V29-R05,,,1,24.35,,,,,disrupted
row,V29,V29-R06,,,1,19.62,,,,,disrupted
row,V29,V29-R07,,,1,15.6,,,,,disrupted
row,V29,V29-R08,,,1,5.28,,,,,regular
row,V30,V30-R01,,,1,32.1,,,,,regular
row,V30,V30-R02,,,1,35.22,,,,,regular
row,V30,V30-R03,,,1,38.51,,,,,regular
row,V30,V30-R04,,,1,42.03,,,,,regular
row,V30,V30-R05,,,1,40.11,,,,,regular
row,V30,V30-R06,,,1,46.98,,,,,regular
row,V30,V30-R07,,,1,48.86,,,,,regular
row,V31,V31-R01,,,1,47.25,,,,,regular
row,V31,V31-R02,,,1,42.4,,,,,regular
row,V31,V31-R03,,,1,36.57,,,,,regular
row,V31,V31-R04,,,1,31.0,,,,,regular
row,V32,V32-R01,,,1,52.55,,,,,regular
row,V32,V32-R02,,,2,69.08,,,,,disrupted|regular
row,V32,V32-R03,,,1,58.2,,,,,regular
row,V32,V32-R04,,,1,22.07,,,,,disrupted
row,V32,V32-R05,,,3,83.97,,,,,disrupted|regular
row,V32,V32-R06,,,3,84.01,,,,,disrupted|regular
row,V32,V32-R07,,,3,85.09,,,,,regular
row,V32,V32-R08,,,2,66.29,,,,,regular
row,V32,V32-R09,,,2,65.79,,,,,regular
row,V33,V33-R01,,,1,11.23,,,,,regular
row,V33,V33-R02,,,1,5.23,,,,,regular
row,V33,V33-R03,,,1,5.94,,,,,regular
row,V33,V33-R04,,,1,12.31,,,,,regular
row,V33,V33-R05,,,1,18.83,,,,,regular
row,V33,V33-R06,,,1,24.99,,,,,regular
row,V33,V33-R07,,,1,31.09,,,,,regular
row,V33,V33-R08,,,1,37.3,,,,,regular
row,V33,V33-R09,,,1,43.64,,,,,disrupted
row,V33,V33-R10,,,1,2.82,,,,,regular
row,V33,V33-R11,,,1,2.8,,,,,regular
row,V33,V33-R12,,,1,2.75,,,,,regular
row,V33,V33-R13,,,1,2.75,,,,,regular
row,V33,V33-R14,,,1,60.26,,,,,regular
row,V33,V33-R15,,,1,65.85,,,,,regular
row,V33,V33-R16,,,1,3.79,,,,,regular
row,V33,V33-R17,,,1,65.95,,,,,disrupted
row,V34,V34-R01,,,1,36.64,,,,,disrupted
row,V34,V34-R02,,,2,59.04,,,,,disrupted|regular
row,V34,V34-R03,,,2,69.9,,,,,disrupted|regular
row,V34,V34-R04,,,2,76.69,,,,,disrupted
row,V34,V34-R05,,,2,78.0,,,,,disrupted|regular
row,V34,V34-R06,,,3,83.06,,,,,disrupted|regular
row,V35,V35-R01,,,3,85.05,,,,,regular
row,V35,V35-R02,,,1,2.72,,,,,regular
row,V35,V35-R03,,,2,62.44,,,,,disrupted
row,V35,V35-R04,,,2,64.89,,,,,disrupted
row,V35,V35-R05,,,3,87.01,,,,,disrupted|regular
row,V35,V35-R06,,,1,7.19,,,,,regular
row,V35,V35-R07,,,1,20.14,,,,,disrupted
row,V35,V35-R08,,,1,7.2,,,,,regular
row,V35,V35-R09,,,1,1.18,,,,,regular
row,V35,V35-R10,,,1,11.7,,,,,regular
row,V36,V36-R01,,,1,35.77,,,,,disrupted
row,V36,V36-R02,,,1,31.16,,,,,regular
row,V36,V36-R03,,,1,31.51,,,,,disrupted
row,V36,V36-R04,,,1,33.88,,,,,disrupted
row,V36,V36-R05,,,1,10.52,,,,,disrupted
row,V36,V36-R06,,,1,35.03,,,,,disrupted
row,V36,V36-R07,,,1,5.97,,,,,regular
row,V36,V36-R08,,,1,36.11,,,,,disrupted
row,V36,V36-R09,,,1,3.65,,,,,regular
row,V36,V36-R10,,,1,35.04,,,,,disrupted
row,V36,V36-R11,,,1,30.17,,,,,regular
row,V36,V36-R12,,,1,35.9,,,,,regular
row,V36,V36-R13,,,1,59.65,,,,,disrupted
row,V36,V36-R14,,,1,65.13,,,,,regular
row,V36,V36-R15,,,1,63.73,,,,,disrupted
row,V36,V36-R16,,,2,76.26,,,,,disrupted|regular
row,V36,V36-R17,,,2,72.65,,,,,regular
row,V36,V36-R18,,,2,77.95,,,,,regular
row,V36,V36-R19,,,1,54.42,,,,,regular
row,V36,V36-R20,,,1,2.11,,,,,regular
row,V37,V37-R01,,,1,25.3,,,,,regular
row,V37,V37-R02,,,1,7.4,,,,,disrupted
row,V37,V37-R03,,,1,14.8,,,,,regular
row,V37,V37-R04,,,1,14.12,,,,,regular
row,V38,V38-R01,,,1,59.4,,,,,regular
row,V38,V38-R02,,,1,53.43,,,,,regular
row,V38,V38-R03,,,1,48.58,,,,,regular
row,V38,V38-R04,,,1,43.65,,,,,regular
row,V38,V38-R05,,,1,37.95,,,,,regular
row,V38,V38-R06,,,1,11.93,,,,,disrupted
row,V38,V38-R07,,,1,21.62,,,,,disrupted
row,V38,V38-R08,,,1,17.0,,,,,regular
row,V38,V38-R09,,,1,11.45,,,,,regular
row,V39,V39-R01,,,1,10.89,,,,,regular
row,V39,V39-R02,,,1,17.86,,,,,disrupted
row,V39,V39-R03,,,1,29.26,,,,,disrupted
row,V40,V40-R01,,,1,3.45,,,,,disrupted
row,V40,V40-R02,,,1,4.72,,,,,disrupted
row,V40,V40-R03,,,1,6.05,,,,,regular
row,V41,V41-R01,,,1,4.13,,,,,regular
row,V41,V41-R02,,,1,16.09,,,,,regular
row,V41,V41-R03,,,1,22.74,,,,,disrupted
row,V41,V41-R04,,,1,34.55,,,,,disrupted
row,V41,V41-R05,,,1,42.83,,,,,disrupted
row,V41,V41-R06,,,1,47.96,,,,,regular
row,V41,V41-R07,,,1,48.87,,,,,regular
row,V41,V41-R08,,,1,59.12,,,,,regular
row,V41,V41-R09,,,1,62.5,,,,,regular
row,V41,V41-R10,,,1,4.67,,,,,regular
row,V41,V41-R11,,,1,59.37,,,,,regular
row,V41,V41-R12,,,1,10.37,,,,,regular
row,V41,V41-R13,,,1,56.39,,,,,regular
row,V41,V41-R14,,,1,53.66,,,,,regular
row,V41,V41-R15,,,1,50.98,,,,,regular
row,V41,V41-R16,,,1,48.22,,,,,regular
row,V41,V41-R17,,,1,42.45,,,,,disrupted
row,V41,V41-R18,,,1,36.71,,,,,regular
row,V41,V41-R19,,,1,4.53,,,,,regular
row,V41,V41-R20,,,1,30.85,,,,,disrupted
row,V41,V41-R21,,,1,47.03,,,,,regular
row,V41,V41-R22,,,1,36.95,,,,,disrupted
row,V41,V41-R23,,,1,43.44,,,,,disrupted
row,V41,V41-R24,,,2,48.53,,,,,regular
row,V41,V41-R25,,,2,49.39,,,,,disrupted|regular
row,V41,V41-R26,,,2,60.09,,,,,regular
row,V41,V41-R27,,,2,60.39,,,,,regular
row,V41,V41-R28,,,2,60.38,,,,,regular
row,V41,V41-R29,,,3,63.28,,,,,disrupted|regular
row,V41,V41-R30,,,2,59.94,,,,,regular
row,V42,V42-R01,,,2,84.73,,,,,disrupted|regular
row,V42,V42-R02,,,3,86.57,,,,,disrupted|regular
row,V42,V42-R03,,,3,87.71,,,,,disrupted|regular
row,V42,V42-R04,,,2,71.72,,,,,disrupted|regular
row,V42,V42-R05,,,3,91.6,,,,,disrupted|regular
row,V42,V42-R06,,,2,79.05,,,,,disrupted|regular
row,V42,V42-R07,,,2,82.21,,,,,disrupted
row,V42,V42-R08,,,2,85.71,,,,,disrupted|regular
row,V42,V42-R09,,,2,88.95,,,,,disrupted
row,V42,V42-R10,,,2,94.78,,,,,disrupted
row,V42,V42-R11,,,2,88.87,,,,,disrupted|regular
row,V42,V42-R12,,,2,80.48,,,,,disrupted
row,V42,V42-R13,,,2,75.23,,,,,disrupted|regular
row,V42,V42-R14,,,2,78.04,,,,,regular
row,V43,V43-R01,,,1,20.52,,,,,regular
row,V43,V43-R02,,,1,22.28,,,,,regular
row,V43,V43-R03,,,1,23.72,,,,,regular
row,V43,V43-R04,,,1,25.67,,,,,regular
row,V43,V43-R05,,,1,27.45,,,,,regular
row,V43,V43-R06,,,1,26.97,,,,,disrupted
row,V43,V43-R07,,,1,13.42,,,,,regular
row,V43,V43-R08,,,1,2.57,,,,,regular
row,V44,V44-R01,,,1,7.47,,,,,regular
row,V44,V44-R02,,,1,12.2,,,,,regular
row,V44,V44-R03,,,1,19.03,,,,,regular
row,V44,V44-R04,,,2,61.11,,,,,regular
row,V44,V44-R05,,,2,60.96,,,,,regular
row,V44,V44-R06,,,2,61.76,,,,,regular
row,V45,V45-R01,,,1,23.89,,,,,regular
row,V45,V45-R02,,,2,61.12,,,,,regular
row,V45,V45-R03,,,1,26.24,,,,,regular
row,V45,V45-R04,,,3,88.5,,,,,disrupted|regular
row,V45,V45-R05,,,3,87.03,,,,,disrupted|regular
row,V45,V45-R06,,,2,37.39,,,,,regular
row,V45,V45-R07,,,1,30.09,,,,,regular
row,V45,V45-R08,,,1,35.26,,,,,regular
row,V45,V45-R09,,,1,34.05,,,,,regular
row,V45,V45-R10,,,1,36.47,,,,,regular
row,V45,V45-R11,,,1,35.72,,,,,regular
row,V45,V45-R12,,,1,18.82,,,,,regular
row,V45,V45-R13,,,1,13.72,,,,,regular
row,V45,V45-R14,,,1,12.65,,,,,disrupted
row,V45,V45-R15,,,1,8.14,,,,,regular
row,V45,V45-R16,,,1,4.9,,,,,regular
row,V46,V46-R01,,,1,3.29,,,,,regular
row,V46,V46-R02,,,1,2.4,,,,,regular
row,V46,V46-R03,,,1,1.79,,,,,regular
row,V46,V46-R04,,,2,50.26,,,,,regular
row,V46,V46-R05,,,3,96.64,,,,,regular
row,V46,V46-R06,,,3,96.64,,,,,regular
row,V46,V46-R07,,,3,96.67,,,,,regular
row,V46,V46-R08,,,3,96.42,,,,,regular
row,V46,V46-R09,,,3,96.53,,,,,regular
row,V46,V46-R10,,,3,98.35,,,,,disrupted|regular
row,V46,V46-R11,,,3,90.48,,,,,disrupted|regular
row,V46,V46-R12,,,3,88.28,,,,,regular
row,V46,V46-R13,,,3,85.51,,,,,regular
row,V46,V46-R14,,,3,81.04,,,,,regular
row,V46,V46-R15,,,3,81.11,,,,,regular
row,V46,V46-R16,,,3,82.71,,,,,disrupted|regular
row,V46,V46-R17,,,3,83.01,,,,,disrupted|regular
row,V46,V46-R18,,,2,79.53,,,,,disrupted|regular
row,V46,V46-R19,,,3,86.19,,,,,regular
row,V46,V46-R20,,,3,80.19,,,,,regular
row,V46,V46-R21,,,3,86.43,,,,,regular
row,V46,V46-R22,,,2,61.62,,,,,disrupted|regular
row,V46,V46-R23,,,3,62.48,,,,,regular
row,V46,V46-R24,,,2,53.7,,,,,disrupted|regular
row,V46,V46-R25,,,1,24.02,,,,,regular
row,V46,V46-R26,,,2,27.23,,,,,regular
row,V46,V46-R27,,,1,12.9,,,,,regular
row,V47,V47-R01,,,1,9.8,,,,,regular
row,V47,V47-R02,,,1,9.2,,,,,regular
row,V47,V47-R03,,,1,8.46,,,,,regular
row,V47,V47-R04,,,1,7.88,,,,,regular
row,V47,V47-R05,,,1,7.11,,,,,regular
row,V47,V47-R06,,,1,6.59,,,,,regular
